<?xml version="1.0" encoding="UTF-8"?>
<!DOCTYPE mapper PUBLIC "-//mybatis.org//DTD Mapper 3.0//EN" "http://mybatis.org/dtd/mybatis-3-mapper.dtd">
<mapper namespace="com.wyu.plato.link.mapper.DomainMapper">

    <!-- 通用查询映射结果 -->
    <resultMap id="BaseResultMap" type="com.wyu.plato.link.model.DomainDO">
        <id column="id" property="id" />
        <result column="create_time" property="createTime" />
        <result column="update_time" property="updateTime" />
        <result column="delete_time" property="deleteTime" />
        <result column="account_no" property="accountNo" />
        <result column="domain_type" property="domainType" />
        <result column="value" property="value" />
    </resultMap>

    <!-- 通用查询结果列 -->
    <sql id="Base_Column_List">
        id,
        create_time,
        update_time,
        delete_time,
        account_no, domain_type, `value`
    </sql>

</mapper>
