<?xml version="1.0" encoding="UTF-8"?>
<!DOCTYPE mapper PUBLIC "-//mybatis.org//DTD Mapper 3.0//EN" "http://mybatis.org/dtd/mybatis-3-mapper.dtd">
<mapper namespace="com.wyu.plato.link.mapper.LinkMapper">

    <!-- 通用查询映射结果 -->
    <resultMap id="BaseResultMap" type="com.wyu.plato.link.model.LinkDO">
        <id column="id" property="id" />
        <result column="create_time" property="createTime" />
        <result column="update_time" property="updateTime" />
        <result column="delete_time" property="deleteTime" />
        <result column="group_id" property="groupId" />
        <result column="title" property="title" />
        <result column="original_url" property="originalUrl" />
        <result column="domain" property="domain" />
        <result column="code" property="code" />
        <result column="long_hash" property="longHash" />
        <result column="expired" property="expired" />
        <result column="account_no" property="accountNo" />
        <result column="state" property="state" />
        <result column="link_level" property="linkLevel" />
    </resultMap>

</mapper>
