<?xml version="1.0" encoding="UTF-8"?>
<!DOCTYPE mapper PUBLIC "-//mybatis.org//DTD Mapper 3.0//EN" "http://mybatis.org/dtd/mybatis-3-mapper.dtd">
<mapper namespace="com.wyu.plato.link.mapper.LinkGroupMapper">

    <!-- 通用查询映射结果 -->
    <resultMap id="BaseResultMap" type="com.wyu.plato.link.model.LinkGroupDO">
        <id column="id" property="id"/>
        <result column="create_time" property="createTime"/>
        <result column="update_time" property="updateTime"/>
        <result column="delete_time" property="deleteTime"/>
        <result column="title" property="title"/>
        <result column="account_no" property="accountNo"/>
    </resultMap>

    <delete id="deleteGroup" parameterType="java.lang.Long">
        delete
        from link_group
        where id = #{id,jdbcType=BIGINT}
          and account_no = #{accountNo,jdbcType=BIGINT}
    </delete>
</mapper>
